number,name,category,frequency,coverage,syns
1,black-c,color(62358),62358,11135.320474,
2,grey-c,color(62310),62310,12712.843129,
3,white-c,color(62054),62054,5778.038204,
4,brown-c,color(61583),61583,14549.652454,
5,green-c,color(61508),61508,5049.989735,
6,pink-c,color(60755),60755,1478.518582,
7,purple-c,color(59516),59516,865.041519,
8,blue-c,color(57825),57825,4899.174121,
9,yellow-c,color(57560),57560,2730.587283,
10,red-c,color(55938),55938,1678.059729,
11,orange-c,color(50369),50369,2427.774769,
12,wall,object(15553);part(29),15582,3947.579313,
13,sky,object(12271);material(17),12288,2946.669634,
14,floor,object(12133);part(4),12137,1653.990309,flooring
15,windowpane,object(5904);part(5610),11514,714.292365,window
16,tree,object(10551);part(1),10552,1706.847783,
17,wood,material(9905);object(487),10392,790.502928,
18,building,object(9722),9722,2845.748895,edifice
19,person,object(9520),9520,1169.760523,soul;someone;somebody;individual;mortal
20,painted,material(9124),9124,1087.511752,
21,head,part(8606),8606,399.425894,
22,leg,part(8443);object(1),8444,224.991031,
23,door,part(4557);object(3778),8335,465.261302,
24,fabric,material(7056);object(932);part(2),7990,689.136189,textile;cloth
25,ceiling,object(7812);part(3),7815,974.896306,
26,torso,part(7506),7506,617.975999,
27,table,object(6246),6246,386.748260,
28,arm,part(6178),6178,186.057706,
29,eye,part(5971),5971,8.929686,
30,glass,material(5500);object(21),5521,181.691070,
31,road,object(5500);part(1),5501,1042.181608,route
32,ear,part(5414);object(5),5419,63.248332,
33,grass,object(5390),5390,1039.167345,
34,metal,material(4843);object(216),5059,279.712176,
35,plant,object(4546);part(452),4998,304.198798,flora;plant life
36,chair,object(4935);part(2),4937,373.611498,
37,nose,part(4805),4805,12.527917,
38,car,object(4743),4743,431.686181,motorcar;automobile;auto
39,neck,part(4619),4619,65.656601,
40,painting,object(4285),4285,178.186762,picture
41,carpet,material(2599);object(1467),4066,355.811916,carpeting;rug
42,hand,part(3832),3832,32.257961,
43,sidewalk,object(3754);part(2),3756,324.970439,
44,wheel,part(3681);object(69),3750,122.407301,
45,cabinet,object(3677);part(33),3710,430.606454,
46,light,object(3687);part(2),3689,28.145308,light source
47,signboard,object(3540);part(19),3559,53.370228,sign
48,mirror,part(1643);object(1433);material(387),3463,125.808668,
49,tile,material(3409);object(18),3427,320.008102,
50,lamp,object(3386);part(5),3391,48.047357,
51,hair,part(2813);material(342);object(1),3156,93.815605,
52,ground,object(2987);part(1),2988,626.722958,
53,mouth,part(2938),2938,3.797153,
54,curtain,object(2747);part(3),2750,251.355274,pall;drape;drapery
55,pole,object(2651);part(14),2665,35.301899,
56,mountain,object(2579),2579,440.339063,mount
57,fence,object(2544);part(7),2551,179.277044,fencing
58,foot,part(2424),2424,13.376721,
59,street-s,scene(2241),2241,2241.000000,
60,streetlight,object(2227),2227,12.830232,street lamp
61,bed,object(2133);part(92),2225,478.232423,
62,eyebrow,part(2160),2160,1.477772,
63,sofa,object(2128),2128,328.416827,lounge;couch
64,handle,part(2078);object(2),2080,3.134381,
65,box,object(2034);part(3),2037,72.660788,
66,tail,part(2028),2028,23.744377,
67,muzzle,part(2003),2003,53.842272,
68,earth,object(1997),1997,340.336238,
69,plastic-opaque,material(1919),1919,46.692512,
70,bottle,object(1900);part(1),1901,75.696144,
71,paper,material(1171);object(691);part(1),1863,37.945223,
72,shelf,object(1538);part(266),1804,155.466913,
73,headlight,part(1757),1757,8.414878,
74,drawer,part(1628);object(87),1715,43.813403,
75,water,object(1676);material(17);part(7),1700,453.965134,
76,railing,object(934);part(748),1682,70.939001,rail
77,cushion,object(1675);part(7),1682,51.799140,
78,book,object(1641),1641,49.526615,
79,flower,object(1636);part(3),1639,47.650854,
80,granite,material(1638),1638,106.189539,marble
81,back,part(1619),1619,48.180077,
82,shade,part(1554),1554,16.055695,
83,bedroom-s,scene(1528),1528,1528.000000,
84,ceramic,material(1500),1500,54.890824,
85,rock,object(1250);material(241);part(2),1493,155.865610,stone
86,seat,part(898);object(590),1488,120.613892,
87,paw,part(1450),1450,21.580161,
88,vase,object(1403);part(1),1404,6.879985,
89,pot,object(962);part(438),1400,34.095613,
90,flowerpot,object(1332),1332,8.896975,
91,sink,object(1327),1327,39.632574,
92,column,part(1311),1311,15.706332,
93,dog,object(1309),1309,305.735527,canis familiaris;domestic dog
94,food,material(849);object(425),1274,89.287943,solid food
95,armchair,object(1270),1270,84.693132,
96,faucet,part(1047);object(209),1256,3.740074,spigot
97,wall socket,object(1236);part(2),1238,1.518825,wall plug;outlet;electric receptacle;electric outlet;electrical outlet
98,body,part(1195);object(1),1196,104.292191,
99,knob,part(1130);object(3),1133,1.007464,
100,sconce,object(1128);part(1),1129,6.738905,
101,pillow,object(1094),1094,35.345491,
102,base,part(1072);object(18),1090,5.917770,
103,headboard,part(1056);object(6),1062,40.546068,
104,stairs,object(983);part(53),1036,34.423938,steps
105,cat,object(1023),1023,335.397930,
106,license plate,part(1020),1020,0.894376,
107,plate,object(957);part(24),981,22.279863,
108,top,part(976);object(2),978,30.961475,
109,bowl,object(745);part(208),953,10.874015,
110,screen,part(933);object(4),937,54.766765,
111,clock,object(929);part(3),932,4.853499,
112,bag,object(921);part(1),922,19.404826,
113,pillar,object(887);part(1),888,48.914224,
114,seat cushion,part(886);object(1),887,27.623586,
115,bicycle,object(886),886,92.843403,bike;cycle
116,stove,object(609);part(270),879,29.130981,kitchen range;range;kitchen stove;cooking stove
117,wing,part(870),870,26.080912,
118,coffee table,object(867),867,25.916453,cocktail table
119,ashcan,object(862),862,8.446664,trash can;ash-bin;garbage can;trash barrel;dustbin;ashbin;ash bin;wastebin;trash bin
120,roof,part(815);object(34),849,35.898958,
121,bench,object(843);part(1),844,39.267716,
122,spotlight,object(822),822,4.383095,spot
123,boat,object(797),797,100.196553,
124,basket,object(786);part(2),788,15.569162,handbasket
125,work surface,object(764);part(15),779,40.003150,
126,living_room-s,scene(767),767,767.000000,
127,desk,object(759),759,74.224689,
128,bird,object(743),743,83.115124,
129,leather,material(742);object(1),743,38.014249,
130,bathroom-s,scene(738),738,738.000000,
131,house,object(736),736,148.045081,
132,plaything,object(734);part(1),735,31.032804,toy
133,pane,part(727),727,38.963388,
134,kitchen-s,scene(718),718,718.000000,
135,sea,object(707),707,183.592779,
136,double door,object(409);part(290),699,40.436152,
137,rim,part(695);object(2),697,2.421746,
138,television,object(671),671,14.070401,telly;television set;tv set;television receiver;tv;idiot box;boob tube;goggle box
139,taillight,part(651),651,0.988278,
140,back pillow,part(644),644,22.951880,
141,chandelier,object(642),642,14.644803,pendant;pendent
142,balcony,part(620);object(21),641,25.680447,
143,windshield,part(629),629,5.467796,
144,switch,object(616);part(13),629,0.641753,electric switch;electrical switch
145,pottedplant,object(625),625,74.321521,
146,path,object(625),625,41.108096,
147,stairway,object(616);part(9),625,40.019290,staircase
148,cup,object(619),619,11.318867,
149,van,object(612),612,12.161010,
150,cap,part(547);object(64),611,4.056176,
151,door frame,part(607),607,18.017984,
152,chest of drawers,object(595);part(10),605,39.149105,bureau;dresser
153,truck,object(605),605,25.473321,motortruck
154,airplane,object(597),597,103.947444,aeroplane
155,awning,object(597),597,17.477517,sunshade;sunblind
156,traffic light,object(593),593,5.380584,traffic signal;stoplight
157,bannister,object(509);part(81),590,19.626638,handrail;banister;balusters;balustrade
158,beak,part(589),589,2.536175,
159,seat base,part(585);object(1),586,7.038019,
160,poster,object(583),583,25.270568,posting;notice;placard
161,flag,object(577),577,6.992712,
162,inside arm,part(575),575,9.107464,
163,drinking glass,object(561),561,4.706035,
164,telephone,object(557);part(1),558,3.358899,phone;telephone set
165,towel,object(544),544,16.405381,
166,frame,part(505);object(36),541,10.900613,
167,rope,object(540);part(1),541,7.783654,
168,tvmonitor,object(536),536,82.132809,
169,bush,object(535);part(1),536,62.859434,shrub
170,bucket,object(531);part(1),532,10.079928,pail
171,stern,part(527),527,14.897849,
172,field,object(524),524,151.870080,
173,stool,object(523),523,11.297711,
174,tray,object(518);part(1),519,8.386866,
175,pedestal,object(448);part(70),518,57.161467,stand
176,fireplace,object(508),508,31.627066,hearth;open fireplace
177,outside arm,part(504),504,7.980203,
178,trade name,object(501),501,9.069854,marque;brand name;brand
179,oven,part(258);object(239),497,16.998178,
180,keyboard,part(274);object(212),486,10.188108,
181,footboard,part(481),481,29.727928,
182,fan,object(481),481,6.029548,
183,horse,object(480),480,99.115058,equus caballus
184,motorbike,object(471),471,116.032022,
185,train,object(465),465,132.375781,
186,dining_room-s,scene(454),454,454.000000,
187,plastic-clear,material(452),452,13.025855,
188,shelves,object(448);part(2),450,34.268171,
189,bathtub,object(446),446,47.357145,bath;tub;bathing tub
190,toilet,object(446),446,25.184866,potty;commode;crapper
191,refrigerator,object(445),445,34.090871,icebox
192,saddle,part(358);object(87),445,4.464990,
193,laminate,material(442),442,18.544988,
194,apron,part(437);object(4),441,3.158427,
195,counter,object(434),434,48.495840,
196,handle bar,part(428),428,4.757455,
197,wardrobe,object(426),426,67.750146,closet
198,candlestick,object(422),422,1.945358,candle holder
199,computer,object(412),412,30.195256,information processing system;data processor;electronic computer;computing device;computing machine
200,palm,object(405),405,25.589818,palm tree
201,shop window,part(403),403,18.920651,
202,brick,material(383);object(18),401,34.082371,
203,bus,object(399),399,131.143655,
204,board,object(399),399,23.542622,plank
205,blind,object(395);part(3),398,21.559807,
206,chimney,part(343);object(48),391,6.091165,
207,microwave,object(387);part(1),388,9.033952,microwave oven
208,sand,object(386);part(1),387,74.288857,
209,track,object(381),381,39.444502,
210,fluorescent,object(380);part(1),381,4.755913,fluorescent fixture
211,step,object(333);part(47),380,20.137418,stair
212,sculpture,object(378);part(1),379,13.541411,
213,engine,part(373);object(6),379,7.784332,
214,countertop,object(361);part(1),362,21.418662,
215,wallpaper,material(357),357,38.705524,
216,swivel chair,object(357),357,25.005691,
217,lid,part(351);object(6),357,7.332026,
218,loudspeaker,object(311);part(46),357,7.074060,speaker unit;loudspeaker system;speaker system;speaker
219,side,part(352);object(3),355,8.707111,
220,skirt,part(332);object(23),355,5.764950,
221,pipe,object(242);part(112),354,7.420689,pipage;piping
222,chain wheel,part(353),353,3.940608,
223,skyscraper-s,scene(351),351,351.000000,
224,snow,object(351),351,79.782331,
225,river,object(346),346,60.408725,
226,air conditioner,object(346),346,2.412850,air conditioning
227,bumper,part(340);object(1),341,2.545768,
228,ottoman,object(338),338,11.825523,hassock;pouf;pouffe;puff
229,jar,object(338),338,4.129294,
230,skin,material(337),337,14.359008,
231,coach,part(334),334,55.751616,
232,pack,object(328),328,10.111397,
233,highway-s,scene(325),325,325.000000,
234,canopy,part(250);object(75),325,14.192919,
235,stile,part(323),323,2.971185,
236,bridge,object(321),321,34.966133,span
237,blotchy,texture(316),316,316.000000,
238,cardboard,material(312);object(3),315,9.288731,
239,minibike,object(312),312,6.905740,
240,figurine,object(311),311,2.095231,statuette
241,skyscraper,object(310),310,102.142014,
242,can,object(309);part(1),310,3.909935,tin can;tin
243,sheep,object(303),303,65.363339,
244,concrete,material(294);object(9),303,30.902536,
245,wicker,material(300),300,7.225444,
246,mouse,part(176);object(122),298,0.753511,
247,bookcase,object(297),297,42.204702,
248,bedclothes,object(296),296,79.954091,
249,exhaust hood,object(295),295,6.387572,
250,hill,object(293),293,35.002467,
251,cow,object(290),290,62.776620,moo-cow
252,napkin,object(289),289,4.533592,serviette;table napkin
253,button panel,part(288),288,2.535338,
254,doorframe,object(285),285,9.270172,doorcase
255,manhole,object(281),281,4.001998,
256,crosswalk,part(279),279,19.708060,
257,umbrella,object(278),278,5.873839,
258,case,object(274),274,49.232388,vitrine;showcase;display case
259,autobus,object(273),273,15.647383,double-decker;charabanc;motorcoach;omnibus;jitney;motorbus
260,dishwasher,object(268),268,7.808915,dishwashing machine;dish washer
261,monitor,part(263),263,11.452951,
262,container,object(263),263,5.833407,
263,shutter,part(178);object(82),260,6.934243,
264,hoof,part(254),254,0.788563,
265,front,part(253),253,6.684781,
266,water tank,part(246);object(7),253,6.641264,cistern
267,text,object(252),252,5.645523,textual matter
268,knife,object(252),252,1.003490,
269,building_facade-s,scene(251),251,251.000000,
270,crt screen,object(246),246,6.940926,
271,curb,object(241);part(1),242,3.934621,kerb;curbing
272,magazine,object(242),242,3.184245,
273,monitoring device,object(239),239,7.730664,
274,beam,object(166);part(72),238,13.386909,
275,gate,object(224);part(13),237,4.813150,
276,dotted,texture(234),234,234.000000,
277,radiator,object(233),233,5.844000,
278,platform,object(232),232,32.656964,
279,blanket,object(231),231,6.652412,
280,central reservation,object(230),230,8.949153,
281,grill,object(186);part(44),230,7.216270,grille;grillwork
282,bulletin board,object(229),229,7.048618,notice board
283,laptop,object(225),225,10.494733,laptop computer
284,shoe,object(222),222,5.422193,
285,pool table,object(217),217,35.289723,snooker table;billiard table
286,fruit,object(214);part(2),216,4.280963,
287,coffee maker,object(211),211,1.641938,
288,candle,object(203);part(6),209,1.151397,taper;wax light
289,backplate,part(207),207,0.543941,
290,banded,texture(205),205,205.000000,
291,handbag,object(199),199,2.153006,purse;pocketbook
292,wineglass,object(197),197,5.822226,
293,mug,object(197),197,1.332147,
294,apparel,object(195),195,17.567616,clothes;wearing apparel;dress
295,striped,texture(194),194,194.000000,
296,land,object(194),194,20.858720,
297,pitcher,object(194),194,1.056115,ewer
298,remote control,object(194),194,0.821607,remote
299,bar,object(190),190,27.275308,
300,ball,object(186),186,9.937604,
301,conference_room-s,scene(184),184,184.000000,
302,hotel_room-s,scene(176),176,176.000000,
303,grandstand,object(172),172,41.740199,covered stand
304,backpack,object(171),171,2.265010,back pack;knapsack;haversack;rucksack;packsack
305,pane of glass,object(170),170,9.374228,window glass
306,face,part(170),170,0.554451,
307,ladder,object(146);part(23),169,4.140714,
308,bumpy,texture(166),166,166.000000,
309,hedge,object(166),166,14.286756,hedgerow
310,arm panel,part(166),166,1.214925,
311,fork,object(166),166,0.762759,
312,tower,object(150);part(15),165,17.502622,
313,notebook,object(164),164,1.894590,
314,toilet tissue,object(164),164,0.704067,bathroom tissue;toilet paper
315,vent,object(114);part(49),163,0.971869,venthole;blowhole;vent-hole
316,muntin,part(162),162,0.853817,
317,screen door,object(157),157,25.376157,
318,brush,object(156),156,12.641270,
319,heater,object(156),156,2.804335,warmer
320,booklet,object(156),156,1.279226,leaflet;pamphlet;brochure
321,kitchen island,object(153),153,18.803710,
322,post,object(139);part(14),153,1.484331,
323,stretcher,part(122);object(29),151,3.639131,
324,smeared,texture(149),149,149.000000,
325,knitted,texture(148),148,148.000000,
326,porous,texture(148),148,148.000000,
327,plane,object(147);part(1),148,12.282118,
328,fibrous,texture(146),146,146.000000,
329,pitted,texture(146),146,146.000000,
330,sash,part(145),145,8.473978,
331,veined,texture(144),144,144.000000,
332,shower,object(140);part(4),144,6.830217,
333,mountain_snowy-s,scene(143),143,143.000000,
334,perforated,texture(143),143,143.000000,
335,woven,texture(142),142,142.000000,
336,soap dispenser,object(142),142,0.511169,
337,meshed,texture(140),140,140.000000,
338,crosshatched,texture(139),139,139.000000,
339,computer case,part(138),138,3.754080,
340,spoon,object(138),138,0.584265,
341,sprinkled,texture(137),137,137.000000,
342,polka-dotted,texture(136),136,136.000000,
343,grid,texture(134);object(2),136,134.108822,
344,buffet,object(136),136,12.038659,sideboard
345,kettle,object(136),136,0.999714,boiler
346,marbled,texture(135),135,135.000000,
347,stained,texture(135),135,135.000000,
348,metal shutter,part(134),134,4.371029,
349,traveling bag,object(134),134,3.877728,grip;suitcase;travelling bag
350,stage,object(133),133,22.625591,
351,hat,object(133),133,3.633413,chapeau
352,printer,object(133),133,2.973245,
353,gauzy,texture(130),130,130.000000,
354,interlaced,texture(130),130,130.000000,
355,blade,part(130),130,1.640541,
356,zigzagged,texture(129),129,129.000000,
357,frilly,texture(129),129,129.000000,
358,teapot,object(129),129,0.656720,
359,spiralled,texture(128),128,128.000000,
360,swirly,texture(128),128,128.000000,
361,chest,object(128),128,4.909758,
362,matted,texture(127),127,127.000000,
363,cracked,texture(127),127,127.000000,
364,studded,texture(127),127,127.000000,
365,embankment,object(127),127,20.787580,
366,cloud,part(127),127,10.481861,
367,horn,part(127),127,1.223803,
368,flecked,texture(126),126,126.000000,
369,potholed,texture(126),126,126.000000,
370,stratified,texture(125),125,125.000000,
371,braided,texture(125),125,125.000000,
372,lined,texture(125),125,125.000000,
373,scaly,texture(125),125,125.000000,
374,paisley,texture(124),124,124.000000,
375,wrinkled,texture(124),124,124.000000,
376,waffled,texture(124),124,124.000000,
377,freckled,texture(124),124,124.000000,
378,honeycombed,texture(124),124,124.000000,
379,document,object(124),124,1.947295,written document;papers
380,office-s,scene(123),123,123.000000,
381,rack,object(123),123,4.385170,
382,chequered,texture(122),122,122.000000,
383,corridor-s,scene(122),122,122.000000,
384,lacelike,texture(122),122,122.000000,
385,crystalline,texture(122),122,122.000000,
386,windows,part(122),122,5.581212,
387,bubbly,texture(121),121,121.000000,
388,silver screen,object(121),121,9.755644,projection screen
389,pleated,texture(120),120,120.000000,
390,cobwebbed,texture(120),120,120.000000,
391,grooved,texture(120),120,120.000000,
392,animal,object(120),120,8.833350,beast;creature;animate being;fauna;brute
393,pier,object(120),120,8.078401,wharfage;wharf;dock
394,crane,object(120),120,2.150041,
395,fur,material(118);object(1),119,8.355887,
396,airport_terminal-s,scene(118),118,118.000000,
397,tap,part(105);object(12),117,0.502194,
398,lower sash,part(116),116,5.039028,
399,statue,object(107);part(9),116,1.753532,
400,postbox,object(116),116,0.937219,letter box;mailbox
401,dome,part(88);object(27),115,6.963571,
402,dormer,part(114),114,1.480583,
403,wire,object(113),113,1.329356,
404,console table,object(111),111,2.935352,console
405,rubber,material(111),111,2.268501,latex
406,trunk,object(61);part(49),110,3.557852,tree trunk;bole
407,game_room-s,scene(109),109,109.000000,
408,camera,object(109),109,1.197580,photographic camera
409,microphone,object(106);part(2),108,0.660827,mike
410,waiting_room-s,scene(106),106,106.000000,
411,jacket,object(106),106,4.437622,
412,dishrag,object(106),106,0.867526,dishcloth
413,poolroom-home-s,scene(105),105,105.000000,
414,home_office-s,scene(105),105,105.000000,
415,fountain,object(105),105,11.783365,
416,upper sash,part(104),104,3.590185,
417,paper towel,object(104),104,0.517981,
418,washer,object(103),103,17.085438,automatic washer;washing machine
419,partition,object(102);part(1),103,13.100605,divider
420,entrance,part(101),101,2.049189,
421,banner,object(101),101,1.391674,streamer
422,runway,object(100),100,27.322507,
423,corner pocket,part(100),100,0.844040,
424,art_studio-s,scene(98),98,98.000000,
425,tent,object(98),98,17.846607,collapsible shelter
426,spindle,part(97);object(1),98,0.876462,
427,towel rack,object(98),98,0.603205,towel horse
428,attic-s,scene(97),97,97.000000,
429,forest-broadleaf-s,scene(97),97,97.000000,
430,park-s,scene(94),94,94.000000,
431,mountain-s,scene(93),93,93.000000,
432,waterfall,object(89);part(4),93,20.876703,falls
433,guitar,object(93),93,3.948598,
434,system,object(93),93,0.933285,
435,place mat,object(92),92,1.376424,
436,diffusor,part(92),92,1.166249,
437,foliage,material(90),90,2.442207,
438,bouquet,object(90),90,1.422093,nosegay;corsage;posy
439,side rail,part(89),89,2.123684,
440,coast-s,scene(88),88,88.000000,
441,booth,object(88),88,18.192128,cubicle;stall;kiosk
442,dirt track,object(88),88,13.792903,
443,vending machine,object(88),88,3.173360,
444,alley-s,scene(87),87,87.000000,
445,deck chair,object(86),86,4.049475,beach chair
446,canister,object(85),85,0.643180,cannister
447,hovel,object(83);part(1),84,20.111508,hutch;hut;shanty;shack
448,skylight,object(78);part(6),84,2.815575,fanlight
449,helmet,object(84),84,1.627810,
450,telephone booth,object(82),82,2.321504,call box;telephone box;phone booth;telephone kiosk
451,net,object(78);part(3),81,5.509807,
452,shirt,object(81),81,5.241531,
453,parlor-s,scene(80),80,80.000000,
454,cradle,object(80),80,12.702224,
455,candelabrum,object(80),80,0.860729,candelabra
456,closet-s,scene(79),79,79.000000,
457,beach-s,scene(79),79,79.000000,
458,easel,object(78),78,3.790878,
459,childs_room-s,scene(77),77,77.000000,
460,art_gallery-s,scene(76),76,76.000000,
461,cart,object(75);part(1),76,3.612709,
462,newspaper,object(76),76,2.675446,
463,cross,object(76),76,0.550120,
464,smoke,object(75),75,7.729805,
465,footbridge,object(75),75,7.609112,pedestrian bridge;overcrossing
466,casing,part(72);object(3),75,1.615748,
467,apartment_building-outdoor-s,scene(74),74,74.000000,
468,arcade machine,object(74),74,18.828390,
469,machine,object(74),74,9.360267,
470,baby buggy,object(73),73,2.250533,perambulator;go-cart;pram;baby carriage;carriage;pusher;stroller;pushchair
471,tank,object(72),72,9.850693,storage tank
472,shower stall,object(71),71,1.374127,shower bath
473,swimming pool,object(70),70,16.223347,natatorium;swimming bath
474,sales booth,object(70),70,13.859414,
475,scaffolding,object(70),70,5.471746,staging
476,sill,part(64);object(6),70,0.576749,
477,staircase-s,scene(69),69,69.000000,
478,castle-s,scene(69),69,69.000000,
479,fridge,object(69),69,6.953511,
480,patty,object(69),69,5.234649,cake
481,altar,object(69),69,3.516633,communion table;lord's table
482,pasture-s,scene(68),68,68.000000,
483,streetcar,object(68),68,2.465425,trolley;trolley car;tramcar;tram
484,dorm_room-s,scene(67),67,67.000000,
485,blackboard,object(59);material(8),67,4.668267,chalkboard
486,tapestry,object(67),67,3.987209,tapis
487,trouser,object(67),67,3.275669,pant
488,billboard,object(67),67,1.309353,hoarding
489,nursery-s,scene(66),66,66.000000,
490,decoration,object(66),66,2.050760,ornament;ornamentation
491,lobby-s,scene(65),65,65.000000,
492,garage-indoor-s,scene(65),65,65.000000,
493,reception-s,scene(63),63,63.000000,
494,hot tub,object(63),63,10.496994,
495,garage door,part(63),63,5.148798,
496,file cabinet,object(62),62,8.618151,filing cabinet
497,drawing,object(61);part(1),62,3.807337,
498,piano,object(62),62,3.712695,pianoforte;forte-piano
499,bar-s,scene(61),61,61.000000,
500,conveyer belt,object(61),61,11.155161,conveyor belt;transporter;conveyor;conveyer
501,arcade,object(61),61,9.861644,colonnade
502,equipment,object(61),61,5.250798,
503,saucepan,object(61),61,0.640580,
504,forest-needleleaf-s,scene(59),59,59.000000,
505,shaft,part(59),59,3.743809,
506,court,object(58),58,19.819265,
507,head roof,part(58),58,1.199033,
508,capital,part(58),58,0.652280,
509,bakery-shop-s,scene(57),57,57.000000,
510,roundabout-s,scene(57),57,57.000000,
511,warehouse-indoor-s,scene(57),57,57.000000,
512,lake,object(57),57,14.598567,
513,barrel,object(57),57,9.878491,cask
514,ship,object(56),56,10.365012,
515,house-s,scene(55),55,55.000000,
516,cage,object(55),55,12.210087,
517,railroad train,object(55),55,8.718440,
518,arch,object(49);part(6),55,6.893209,archway
519,lighthouse,object(55),55,3.685800,beacon light;pharos
520,bell,object(37);part(18),55,3.678479,
521,bus stop,object(55),55,3.329713,
522,exhibitor,object(55),55,3.085508,
523,jersey,object(55),55,2.842335,t-shirt;tee shirt
524,plinth,object(55),55,1.559544,footstall
525,forecourt,object(54),54,7.567928,
526,eiderdown,object(53),53,7.105642,duvet;continental quilt
527,mat,object(53),53,5.431571,
528,cash register,object(53),53,1.282572,register
529,casino-indoor-s,scene(52),52,52.000000,
530,calendar,object(52),52,1.023378,
531,briefcase,object(52),52,0.510788,
532,field-cultivated-s,scene(51),51,51.000000,
533,bridge-s,scene(51),51,51.000000,
534,classroom-s,scene(51),51,51.000000,
535,river-s,scene(50),50,50.000000,
536,fire escape,part(50),50,4.181489,
537,mouse pad,object(50),50,1.790996,
538,cd,object(50),50,1.515578,
539,rocking chair,object(47);part(3),50,1.344715,rocker
540,bread,object(50),50,1.215543,staff of life;breadstuff
541,youth_hostel-s,scene(49),49,49.000000,
542,cliff,object(49),49,14.545675,drop-off;drop
543,field-wild-s,scene(48),48,48.000000,
544,escalator,object(48),48,12.175358,moving stairway;moving staircase
545,fuselage,part(48),48,2.682681,
546,baseboard,object(47);part(1),48,0.676565,mopboard;skirting board
547,lighthouse-s,scene(47),47,47.000000,
548,clouds,part(47),47,9.417347,
549,elevator,object(46);part(1),47,7.804698,lift
550,table football,object(47),47,4.229230,
551,grand piano,object(47),47,2.369358,grand
552,earmuffs,part(47),47,0.540642,
553,creek-s,scene(46),46,46.000000,
554,museum-indoor-s,scene(46),46,46.000000,
555,shoe_shop-s,scene(46),46,46.000000,
556,window_seat-s,scene(46),46,46.000000,
557,scale,object(46),46,0.558250,weighing machine
558,amusement_park-s,scene(45),45,45.000000,
559,dinette-vehicle-s,scene(45),45,45.000000,
560,vault,object(45),45,9.920218,
561,radio,object(45),45,0.543427,
562,lake-natural-s,scene(44),44,44.000000,
563,dinette-home-s,scene(44),44,44.000000,
564,riser,part(44),44,1.931609,
565,cockpit-s,scene(43),43,43.000000,
566,fish,object(43),43,2.298352,
567,panel,part(36);object(7),43,1.822715,
568,tread,part(43),43,1.241146,
569,boot,object(43),43,0.944841,
570,stabilizer,part(43),43,0.500954,
571,jacuzzi-indoor-s,scene(42),42,42.000000,
572,linoleum,material(42),42,5.163539,
573,dummy,object(42),42,1.430081,
574,playroom-s,scene(41),41,41.000000,
575,mezzanine,object(41),41,4.741372,first balcony
576,fire place,object(41),41,3.908004,
577,map,object(41),41,2.383976,
578,menu,object(41),41,1.231664,
579,parking_lot-s,scene(40),40,40.000000,
580,valley-s,scene(40),40,40.000000,
581,rubbish,object(40),40,7.315041,trash;scrap
582,gym shoe,object(40),40,1.000171,sneaker;tennis shoe
583,auditorium-s,scene(39),39,39.000000,
584,beauty_salon-s,scene(39),39,39.000000,
585,tower-s,scene(39),39,39.000000,
586,slot machine,object(39),39,10.150583,coin machine
587,arcades,part(39),39,2.931612,
588,basketball hoop,object(39),39,1.073977,
589,wet_bar-s,scene(38),38,38.000000,
590,artists_loft-s,scene(38),38,38.000000,
591,tire,object(38),38,1.158291,
592,balcony-interior-s,scene(37),37,37.000000,
593,video player,object(37),37,1.099603,
594,arrival_gate-outdoor-s,scene(36),36,36.000000,
595,merchandise,object(36),36,6.608641,ware;product
596,television stand,object(36),36,1.266416,
597,playground-s,scene(35),35,35.000000,
598,plaza-s,scene(35),35,35.000000,
599,ice,object(35),35,11.036608,water ice
600,playground,object(35),35,5.472401,
601,guardrail,object(35),35,2.131654,
602,hill-s,scene(34),34,34.000000,
603,deck,object(33);part(1),34,5.533300,
604,table tennis,object(34),34,2.531563,
605,mattress,object(32);part(2),34,2.393007,
606,bidet,object(34),34,1.402497,
607,sweater,object(34),34,0.620704,jumper
608,clothing_store-s,scene(33),33,33.000000,
609,utility_room-s,scene(33),33,33.000000,
610,bow_window-indoor-s,scene(33),33,33.000000,
611,pantry-s,scene(33),33,33.000000,
612,aircraft carrier,object(33),33,11.650430,carrier;attack aircraft carrier;flattop
613,valley,object(33),33,5.725466,vale
614,railway,object(33),33,4.647699,
615,balloon,object(33),33,0.651331,
616,galley-s,scene(32),32,32.000000,
617,bookstore-s,scene(32),32,32.000000,
618,abbey-s,scene(32),32,32.000000,
619,basement-s,scene(32),32,32.000000,
620,pitch,object(32),32,12.986734,
621,display board,object(32),32,2.411194,
622,cockpit,part(29);object(3),32,1.510469,
623,pallet,object(32),32,0.995392,
624,supermarket-s,scene(31),31,31.000000,
625,golf_course-s,scene(31),31,31.000000,
626,patio,object(31),31,5.344237,
627,ad,object(31),31,1.405672,advert;advertizement;advertizing;advertising;advertisement
628,price tag,object(31),31,0.653122,
629,coach roof,part(31),31,0.591720,
630,hallway-s,scene(30),30,30.000000,
631,controls,object(30),30,12.297977,
632,island,object(30),30,2.273512,
633,metal shutters,part(27);object(3),30,1.346388,
634,laundromat-s,scene(29),29,29.000000,
635,ballroom-s,scene(29),29,29.000000,
636,greenhouse-indoor-s,scene(29),29,29.000000,
637,gazebo-exterior-s,scene(29),29,29.000000,
638,market-outdoor-s,scene(29),29,29.000000,
639,subway_interior-s,scene(29),29,29.000000,
640,curtains,object(29),29,2.553225,
641,porch,object(20);part(9),29,2.028728,
642,bottle rack,object(23);part(6),29,1.636290,
643,duck,object(29),29,1.435228,
644,gas pump,object(27);part(2),29,1.072156,petrol pump;gasoline pump;island dispenser
645,bus_interior-s,scene(28),28,28.000000,
646,doorway-indoor-s,scene(28),28,28.000000,
647,alcove-s,scene(28),28,28.000000,
648,pulpit,object(28),28,3.746588,
649,ramp,object(27);part(1),28,1.533769,
650,access_road-s,scene(27),27,27.000000,
651,landing_deck-s,scene(27),27,27.000000,
652,archive-s,scene(27),27,27.000000,
653,leaves,object(26);part(1),27,3.945357,
654,slope,object(27),27,3.473795,
655,helicopter,object(26);part(1),27,2.960915,
656,podium,object(27),27,1.594827,
657,steering wheel,object(21);part(6),27,1.324942,
658,finger,object(26);part(1),27,0.959838,
659,monument,object(27),27,0.757120,
660,trailer,object(27),27,0.745415,
661,gymnasium-indoor-s,scene(26),26,26.000000,
662,waterfall-block-s,scene(26),26,26.000000,
663,windmill,object(26),26,4.083071,wind generator;aerogenerator
664,pool,object(26),26,2.848996,
665,water tower,object(26),26,2.589052,
666,folding screen,object(26),26,2.578793,
667,workbench,object(26),26,2.404036,
668,brushes,object(26),26,1.593852,
669,leaf,object(24);part(2),26,0.943816,leafage
670,scoreboard,object(26),26,0.781014,
671,cathedral-indoor-s,scene(25),25,25.000000,
672,office_building-s,scene(25),25,25.000000,
673,baggage_claim-s,scene(25),25,25.000000,
674,badlands-s,scene(25),25,25.000000,
675,forest_path-s,scene(25),25,25.000000,
676,home_theater-s,scene(25),25,25.000000,
677,ocean-s,scene(25),25,25.000000,
678,ice rink,object(25),25,10.325039,
679,carport,object(25),25,5.426910,
680,gravestone,object(25),25,3.874776,tombstone;headstone
681,straw,object(25),25,3.692262,
682,horse-drawn carriage,object(25),25,3.176362,
683,tunnel,object(25),25,3.096331,
684,cannon,object(25),25,3.090529,
685,tumble dryer,object(25),25,2.314526,
686,fastfood_restaurant-s,scene(24),24,24.000000,
687,gas_station-s,scene(24),24,24.000000,
688,church-indoor-s,scene(24),24,24.000000,
689,harbor-s,scene(24),24,24.000000,
690,amusement_arcade-s,scene(24),24,24.000000,
691,poolroom-establishment-s,scene(24),24,24.000000,
692,bowling_alley-s,scene(24),24,24.000000,
693,auto_showroom-s,scene(24),24,24.000000,
694,library-indoor-s,scene(24),24,24.000000,
695,restaurant-s,scene(24),24,24.000000,
696,toyshop-s,scene(24),24,24.000000,
697,dentists_office-s,scene(24),24,24.000000,
698,altarpiece,object(24),24,3.989090,reredos
699,shelter,object(24),24,3.966734,
700,pond,object(24),24,3.207967,
701,windscreen,object(24),24,1.268958,
702,wheelchair,object(24),24,0.879197,
703,coat,object(24),24,0.834525,
704,planter,object(24),24,0.725353,
705,player,object(24),24,0.568943,
706,bow_window-outdoor-s,scene(23),23,23.000000,
707,driveway-s,scene(23),23,23.000000,
708,fairway-s,scene(23),23,23.000000,
709,courthouse-s,scene(23),23,23.000000,
710,yard-s,scene(23),23,23.000000,
711,theater-indoor_procenium-s,scene(23),23,23.000000,
712,parking_garage-indoor-s,scene(23),23,23.000000,
713,construction_site-s,scene(23),23,23.000000,
714,carousel,object(23),23,10.883705,
715,display window,object(23),23,4.681557,shopwindow;show window
716,elevator door,object(23),23,4.545421,
717,shop,object(23),23,3.487142,store
718,roundabout,object(23),23,1.644099,
719,blinds,object(21);part(2),23,1.453959,
720,slide,object(16);part(7),23,0.731796,
721,amphitheater-s,scene(22),22,22.000000,
722,ball_pit-s,scene(22),22,22.000000,
723,desert-sand-s,scene(22),22,22.000000,
724,control_tower-outdoor-s,scene(22),22,22.000000,
725,cubicle-office-s,scene(22),22,22.000000,
726,computer_room-s,scene(22),22,22.000000,
727,kindergarden_classroom-s,scene(22),22,22.000000,
728,water_tower-s,scene(22),22,22.000000,
729,campus-s,scene(22),22,22.000000,
730,airplane_cabin-s,scene(22),22,22.000000,
731,music_studio-s,scene(22),22,22.000000,
732,aquarium,object(22),22,7.572043,fish tank;marine museum
733,ruins,object(22),22,7.390124,
734,instrument panel,object(22),22,7.141073,
735,ring,object(22),22,5.280384,
736,table game,object(22),22,2.663581,
737,television camera,object(22),22,2.076441,
738,control tower,object(21);part(1),22,1.472660,
739,goal,object(22),22,0.771520,
740,delicatessen-s,scene(21),21,21.000000,
741,swimming_pool-outdoor-s,scene(21),21,21.000000,
742,cloister-indoor-s,scene(21),21,21.000000,
743,wine_cellar-barrel_storage-s,scene(21),21,21.000000,
744,restaurant_patio-s,scene(21),21,21.000000,
745,weighbridge-s,scene(21),21,21.000000,
746,shopping_mall-indoor-s,scene(21),21,21.000000,
747,berth-s,scene(21),21,21.000000,
748,bird cage,object(21),21,9.252578,
749,aqueduct,object(21),21,5.744730,
750,weighbridge,object(21),21,1.928124,
751,bedpost,part(21),21,0.878351,
752,terrace,part(21),21,0.658086,
753,geodesic_dome-outdoor-s,scene(20),20,20.000000,
754,swimming_pool-indoor-s,scene(20),20,20.000000,
755,waterfall-fan-s,scene(20),20,20.000000,
756,ice_skating_rink-indoor-s,scene(20),20,20.000000,
757,cemetery-s,scene(20),20,20.000000,
758,windmill-s,scene(20),20,20.000000,
759,videostore-s,scene(20),20,20.000000,
760,reading_room-s,scene(20),20,20.000000,
761,folding door,object(19);part(1),20,5.048509,
762,stands,object(20),20,2.492283,
763,revolving door,part(15);object(5),20,2.003199,
764,mill,object(20),20,0.934403,
765,movie_theater-indoor-s,scene(19),19,19.000000,
766,sauna-s,scene(19),19,19.000000,
767,day_care_center-s,scene(19),19,19.000000,
768,dining_car-s,scene(19),19,19.000000,
769,jail_cell-s,scene(19),19,19.000000,
770,mansion-s,scene(19),19,19.000000,
771,courtroom-s,scene(19),19,19.000000,
772,atrium-public-s,scene(19),19,19.000000,
773,pantry,object(19),19,7.979020,
774,bandstand,object(19),19,3.906674,
775,videos,object(19),19,3.134336,
776,sand trap,object(19),19,2.613025,
777,organ,object(19),19,2.528286,
778,synthesizer,object(19),19,1.098436,
779,planks,object(19),19,0.909821,
780,pictures,object(19),19,0.755794,
781,parterre,object(19),19,0.711206,
782,doorway-outdoor-s,scene(18),18,18.000000,
783,campsite-s,scene(18),18,18.000000,
784,shower-s,scene(18),18,18.000000,
785,florist_shop-indoor-s,scene(18),18,18.000000,
786,hospital_room-s,scene(18),18,18.000000,
787,inn-indoor-s,scene(18),18,18.000000,
788,church-outdoor-s,scene(18),18,18.000000,
789,lecture_room-s,scene(18),18,18.000000,
790,mosque-outdoor-s,scene(18),18,18.000000,
791,aqueduct-s,scene(18),18,18.000000,
792,lockers,object(18),18,4.996399,
793,service station,object(18),18,4.949502,
794,trench,object(18),18,4.105099,
795,barrels,object(18),18,3.517634,
796,box office,object(18),18,2.929208,ticket booth;ticket office
797,binder,object(18),18,1.966700,ring-binder
798,cabin,object(18),18,1.796064,
799,forklift,object(18),18,1.298578,
800,doors,part(18),18,0.924083,
801,pavilion,object(18),18,0.581095,
802,forest_road-s,scene(17),17,17.000000,
803,cabin-outdoor-s,scene(17),17,17.000000,
804,operating_room-s,scene(17),17,17.000000,
805,inn-outdoor-s,scene(17),17,17.000000,
806,greenhouse,object(17),17,7.321889,
807,caravan,object(17),17,3.907702,
808,berth,object(17),17,3.809404,
809,trellis,object(17),17,2.373668,
810,tomb,object(17),17,2.054941,
811,structure,object(17),17,1.288003,
812,plastic,object(17),17,0.944653,
813,parasol,object(17),17,0.703809,
814,sandbox-s,scene(16),16,16.000000,
815,shopfront-s,scene(16),16,16.000000,
816,planetarium-outdoor-s,scene(16),16,16.000000,
817,snowfield-s,scene(16),16,16.000000,
818,hayfield-s,scene(16),16,16.000000,
819,carrousel-s,scene(16),16,16.000000,
820,botanical_garden-s,scene(16),16,16.000000,
821,barn-s,scene(16),16,16.000000,
822,locker_room-s,scene(16),16,16.000000,
823,crosswalk-s,scene(16),16,16.000000,
824,television_studio-s,scene(16),16,16.000000,
825,islet-s,scene(16),16,16.000000,
826,slum-s,scene(16),16,16.000000,
827,dam,object(16),16,3.795631,
828,tracks,object(16),16,2.144012,
829,hay,object(16),16,1.991587,
830,hen,object(16),16,1.189333,biddy
831,recycling bin,object(16),16,0.809758,
832,disc case,object(16),16,0.794966,
833,diner-outdoor-s,scene(15),15,15.000000,
834,ski_resort-s,scene(15),15,15.000000,
835,monastery-outdoor-s,scene(15),15,15.000000,
836,village-s,scene(15),15,15.000000,
837,hunting_lodge-outdoor-s,scene(15),15,15.000000,
838,marsh-s,scene(15),15,15.000000,
839,fountain-s,scene(15),15,15.000000,
840,subway_station-corridor-s,scene(15),15,15.000000,
841,kitchenette-s,scene(15),15,15.000000,
842,corn_field-s,scene(15),15,15.000000,
843,kasbah-s,scene(15),15,15.000000,
844,auto_factory-s,scene(15),15,15.000000,
845,martial_arts_gym-s,scene(15),15,15.000000,
846,balcony-exterior-s,scene(15),15,15.000000,
847,courtyard-s,scene(15),15,15.000000,
848,chicken_coop-outdoor-s,scene(15),15,15.000000,
849,rope_bridge-s,scene(15),15,15.000000,
850,shanties,object(15),15,4.390357,
851,wave,part(15),15,3.399282,
852,machinery,object(15),15,2.268414,
853,dashboard,object(15),15,2.266062,
854,dental chair,object(15),15,1.625114,
855,parking,object(15),15,1.170657,
856,sewing machine,object(15),15,0.546058,
857,rifle,object(15),15,0.530821,
858,kiosk-indoor-s,scene(14),14,14.000000,
859,outhouse-outdoor-s,scene(14),14,14.000000,
860,stage-indoor-s,scene(14),14,14.000000,
861,art_school-s,scene(14),14,14.000000,
862,viaduct-s,scene(14),14,14.000000,
863,bleachers-outdoor-s,scene(14),14,14.000000,
864,pulpit-s,scene(14),14,14.000000,
865,garage-outdoor-s,scene(14),14,14.000000,
866,corral-s,scene(14),14,14.000000,
867,farm-s,scene(14),14,14.000000,
868,baptistry-outdoor-s,scene(14),14,14.000000,
869,wheat_field-s,scene(14),14,14.000000,
870,arch-s,scene(14),14,14.000000,
871,moor-s,scene(14),14,14.000000,
872,hospital-s,scene(14),14,14.000000,
873,runway-s,scene(14),14,14.000000,
874,donjon-s,scene(14),14,14.000000,
875,ruin-s,scene(14),14,14.000000,
876,canyon-s,scene(14),14,14.000000,
877,escalator-indoor-s,scene(14),14,14.000000,
878,airport-s,scene(14),14,14.000000,airport-airport-s
879,desert,object(14),14,5.797717,
880,henhouse,object(14),14,5.688257,
881,tennis court,object(14),14,5.190172,
882,shed,object(14),14,3.701473,
883,bird feeder,object(14),14,2.586232,
884,washing machines,object(14),14,2.326648,
885,watchtower,object(14),14,2.215369,
886,shops,object(14),14,2.001018,
887,ride,object(14),14,1.976233,
888,telescope,object(14),14,1.478496,
889,slats,part(14),14,1.005689,
890,drum,object(14),14,0.870521,
891,fire,object(8);material(6),14,0.727931,
892,oar,object(14),14,0.640516,
893,breads,object(14),14,0.542863,
894,town_house-s,scene(13),13,13.000000,
895,bank-outdoor-s,scene(13),13,13.000000,
896,medina-s,scene(13),13,13.000000,
897,candy_store-s,scene(13),13,13.000000,
898,palace-s,scene(13),13,13.000000,
899,mountain_path-s,scene(13),13,13.000000,
900,fire_escape-s,scene(13),13,13.000000,
901,dolmen-s,scene(13),13,13.000000,
902,dacha-s,scene(13),13,13.000000,
903,jail-indoor-s,scene(13),13,13.000000,
904,car_interior-backseat-s,scene(13),13,13.000000,
905,jewelry_shop-s,scene(13),13,13.000000,
906,bus_depot-outdoor-s,scene(13),13,13.000000,
907,embassy-s,scene(13),13,13.000000,
908,elevator-interior-s,scene(13),13,13.000000,
909,cavern-indoor-s,scene(13),13,13.000000,
910,casino-outdoor-s,scene(13),13,13.000000,
911,kennel-indoor-s,scene(13),13,13.000000,
912,cathedral-outdoor-s,scene(13),13,13.000000,
913,vegetable_garden-s,scene(13),13,13.000000,
914,hot_spring-s,scene(13),13,13.000000,
915,sandbar-s,scene(13),13,13.000000,
916,observatory-outdoor-s,scene(13),13,13.000000,
917,desert-vegetation-s,scene(13),13,13.000000,
918,conference_center-s,scene(13),13,13.000000,
919,covered_bridge-exterior-s,scene(13),13,13.000000,
920,semidesert ground,object(13),13,5.402917,
921,grille door,object(12);part(1),13,2.817445,
922,roller coaster,object(13),13,2.481884,
923,water wheel,object(13),13,1.861565,
924,barbecue,object(13),13,1.551819,
925,bulldozer,object(13),13,1.533650,
926,steam shovel,object(13),13,1.365520,
927,gravel,object(13),13,0.960121,
928,meter,object(13),13,0.659250,
929,excavator,object(13),13,0.627078,
930,irrigation_ditch-s,scene(12),12,12.000000,
931,dam-s,scene(12),12,12.000000,
932,ranch_house-s,scene(12),12,12.000000,
933,ranch-s,scene(12),12,12.000000,
934,carport-outdoor-s,scene(12),12,12.000000,
935,ghost_town-s,scene(12),12,12.000000,
936,canal-urban-s,scene(12),12,12.000000,
937,booth-indoor-s,scene(12),12,12.000000,
938,hotel-outdoor-s,scene(12),12,12.000000,
939,boxing_ring-s,scene(12),12,12.000000,
940,stadium-baseball-s,scene(12),12,12.000000,
941,fence-s,scene(12),12,12.000000,
942,airport-entrance-s,scene(12),12,12.000000,
943,excavation-s,scene(12),12,12.000000,
944,ice_cream_parlor-s,scene(12),12,12.000000,
945,student_residence-s,scene(12),12,12.000000,
946,motel-s,scene(12),12,12.000000,
947,sacristy-s,scene(12),12,12.000000,
948,lift_bridge-s,scene(12),12,12.000000,
949,junk_pile-s,scene(12),12,12.000000,
950,hangar-indoor-s,scene(12),12,12.000000,
951,flood-s,scene(12),12,12.000000,
952,wrestling_ring-indoor-s,scene(12),12,12.000000,
953,ski_slope-s,scene(12),12,12.000000,
954,fitting_room-exterior-s,scene(12),12,12.000000,
955,crevasse-s,scene(12),12,12.000000,
956,elevator_lobby-s,scene(12),12,12.000000,
957,estuary-s,scene(12),12,12.000000,
958,bazaar-indoor-s,scene(12),12,12.000000,
959,subway_station-platform-s,scene(12),12,12.000000,
960,wine_cellar-bottle_storage-s,scene(12),12,12.000000,
961,watchtower-s,scene(12),12,12.000000,
962,kennel-outdoor-s,scene(12),12,12.000000,
963,boathouse-s,scene(12),12,12.000000,
964,greenhouse-outdoor-s,scene(12),12,12.000000,
965,fitting_room-interior-s,scene(12),12,12.000000,
966,vineyard-s,scene(12),12,12.000000,
967,oast_house-s,scene(12),12,12.000000,
968,moat-water-s,scene(12),12,12.000000,
969,kiosk-outdoor-s,scene(12),12,12.000000,
970,convenience_store-outdoor-s,scene(12),12,12.000000,
971,nuclear_power_plant-outdoor-s,scene(12),12,12.000000,
972,podium-indoor-s,scene(12),12,12.000000,
973,orchard-s,scene(12),12,12.000000,
974,movie_theater-outdoor-s,scene(12),12,12.000000,
975,mountain_road-s,scene(12),12,12.000000,
976,temple-east_asia-s,scene(12),12,12.000000,
977,badminton_court-outdoor-s,scene(12),12,12.000000,
978,vineyard,object(12),12,5.743847,
979,rubble,object(12),12,4.625137,
980,badlands,object(12),12,4.162481,
981,forest,object(12),12,3.115081,
982,ticket counter,object(12),12,2.786737,
983,stalls,object(12),12,2.209667,
984,shower curtain,object(12),12,1.431235,
985,village,object(12),12,1.329398,
986,safety side,part(12),12,1.287111,
987,gas station,object(12),12,1.131538,
988,niche,object(12),12,0.983893,
989,check-in-desk,object(12),12,0.979007,
990,set of instruments,object(12),12,0.831476,
991,bread rolls,object(12),12,0.634061,
992,coffee_shop-s,scene(11),11,11.000000,
993,labyrinth-indoor-s,scene(11),11,11.000000,
994,lawn-s,scene(11),11,11.000000,
995,beach_house-s,scene(11),11,11.000000,
996,escalator-outdoor-s,scene(11),11,11.000000,
997,chalet-s,scene(11),11,11.000000,
998,baseball_field-s,scene(11),11,11.000000,
999,sun_deck-s,scene(11),11,11.000000,
1000,guardhouse-s,scene(11),11,11.000000,
1001,hut-s,scene(11),11,11.000000,
1002,flight_of_stairs-urban-s,scene(11),11,11.000000,
1003,waterfall-cascade-s,scene(11),11,11.000000,
1004,general_store-outdoor-s,scene(11),11,11.000000,
1005,mine-s,scene(11),11,11.000000,
1006,herb_garden-s,scene(11),11,11.000000,
1007,mosque-indoor-s,scene(11),11,11.000000,
1008,lagoon-s,scene(11),11,11.000000,
1009,topiary_garden-s,scene(11),11,11.000000,
1010,industrial_area-s,scene(11),11,11.000000,
1011,shed-s,scene(11),11,11.000000,
1012,pagoda-s,scene(11),11,11.000000,
1013,water_mill-s,scene(11),11,11.000000,
1014,elevator-door-s,scene(11),11,11.000000,
1015,cloister-outdoor-s,scene(11),11,11.000000,
1016,butchers_shop-s,scene(11),11,11.000000,
1017,apse-indoor-s,scene(11),11,11.000000,
1018,ice_skating_rink-outdoor-s,scene(11),11,11.000000,
1019,synagogue-outdoor-s,scene(11),11,11.000000,
1020,assembly_line-s,scene(11),11,11.000000,
1021,manufactured_home-s,scene(11),11,11.000000,
1022,firing_range-outdoor-s,scene(11),11,11.000000,
1023,barbershop-s,scene(11),11,11.000000,
1024,cottage_garden-s,scene(11),11,11.000000,
1025,hacienda-s,scene(11),11,11.000000,
1026,industrial_park-s,scene(11),11,11.000000,
1027,workshop-s,scene(11),11,11.000000,
1028,dugout-s,scene(11),11,11.000000,
1029,hat_shop-s,scene(11),11,11.000000,
1030,elevator-freight_elevator-s,scene(11),11,11.000000,
1031,spa-massage_room-s,scene(11),11,11.000000,
1032,savanna-s,scene(11),11,11.000000,
1033,bank-indoor-s,scene(11),11,11.000000,
1034,oasis-s,scene(11),11,11.000000,
1035,witness_stand-s,scene(11),11,11.000000,
1036,road_cut-s,scene(11),11,11.000000,
1037,volleyball_court-outdoor-s,scene(11),11,11.000000,
1038,anechoic_chamber-s,scene(11),11,11.000000,
1039,train_station-outdoor-s,scene(11),11,11.000000,
1040,canal-natural-s,scene(11),11,11.000000,
1041,parking_garage-outdoor-s,scene(11),11,11.000000,
1042,food_court-s,scene(11),11,11.000000,
1043,downtown-s,scene(11),11,11.000000,
1044,driving_range-outdoor-s,scene(11),11,11.000000,
1045,catwalk-s,scene(11),11,11.000000,
1046,market-indoor-s,scene(11),11,11.000000,
1047,carport-freestanding-s,scene(11),11,11.000000,
1048,elevator_shaft-s,scene(11),11,11.000000,
1049,moon_bounce-s,scene(11),11,11.000000,
1050,formal_garden-s,scene(11),11,11.000000,
1051,cargo_container_interior-s,scene(11),11,11.000000,
1052,bog-s,scene(11),11,11.000000,
1053,airport_ticket_counter-s,scene(11),11,11.000000,
1054,lido_deck-outdoor-s,scene(11),11,11.000000,
1055,military_hut-s,scene(11),11,11.000000,
1056,baptistry-indoor-s,scene(11),11,11.000000,
1057,bullring-s,scene(11),11,11.000000,
1058,library-outdoor-s,scene(11),11,11.000000,
1059,inflatable bounce game,object(11),11,5.700278,
1060,temple,object(11),11,5.390753,
1061,bowling alley,object(11),11,3.038825,
1062,mosque,object(11),11,3.006266,
1063,skittle alley,object(11),11,2.967463,
1064,sandbox,object(11),11,2.936524,
1065,catwalk,object(11),11,2.920685,
1066,big top,object(11),11,2.815503,
1067,iceberg,object(11),11,2.468110,
1068,viaduct,object(11),11,2.365496,
1069,fog bank,object(11),11,2.343292,
1070,parking lot,object(11),11,1.765570,
1071,trestle,object(11),11,1.621239,
1072,table cloth,object(11),11,0.913983,
1073,tables,object(11),11,0.760010,
1074,pigeonhole,object(11),11,0.725514,
1075,cactus,object(11),11,0.686069,
1076,bathrobe,object(11),11,0.672012,
1077,rudder,object(10);part(1),11,0.601728,
1078,crate,object(11),11,0.575515,
1079,quay,object(11),11,0.560911,
1080,hand cart,object(11),11,0.536631,
1081,candies,object(11),11,0.524987,
1082,control_tower-indoor-s,scene(10),10,10.000000,
1083,mausoleum-s,scene(10),10,10.000000,
1084,liquor_store-indoor-s,scene(10),10,10.000000,
1085,choir_loft-exterior-s,scene(10),10,10.000000,
1086,chapel-s,scene(10),10,10.000000,
1087,jacuzzi-outdoor-s,scene(10),10,10.000000,
1088,hot_tub-outdoor-s,scene(10),10,10.000000,
1089,imaret-s,scene(10),10,10.000000,
1090,heliport-s,scene(10),10,10.000000,
1091,dirt_track-s,scene(10),10,10.000000,
1092,batters_box-s,scene(10),10,10.000000,
1093,quadrangle-s,scene(10),10,10.000000,
1094,liquor_store-outdoor-s,scene(10),10,10.000000,
1095,bazaar-outdoor-s,scene(10),10,10.000000,
1096,hoodoo-s,scene(10),10,10.000000,
1097,dining_hall-s,scene(10),10,10.000000,
1098,banquet_hall-s,scene(10),10,10.000000,
1099,basketball_court-outdoor-s,scene(10),10,10.000000,
1100,gulch-s,scene(10),10,10.000000,
1101,granary-s,scene(10),10,10.000000,
1102,pilothouse-indoor-s,scene(10),10,10.000000,
1103,natural_history_museum-s,scene(10),10,10.000000,
1104,bakery-kitchen-s,scene(10),10,10.000000,
1105,cottage-s,scene(10),10,10.000000,
1106,cabana-s,scene(10),10,10.000000,
1107,landing-s,scene(10),10,10.000000,
1108,signal_box-s,scene(10),10,10.000000,
1109,checkout_counter-s,scene(10),10,10.000000,
1110,labyrinth-outdoor-s,scene(10),10,10.000000,
1111,bus_shelter-s,scene(10),10,10.000000,
1112,zen_garden-s,scene(10),10,10.000000,
1113,fishpond-s,scene(10),10,10.000000,
1114,gift_shop-s,scene(10),10,10.000000,
1115,watering_hole-s,scene(10),10,10.000000,
1116,hot_tub-indoor-s,scene(10),10,10.000000,
1117,call_center-s,scene(10),10,10.000000,
1118,air_base-s,scene(10),10,10.000000,
1119,manhole-s,scene(10),10,10.000000,
1120,joss_house-s,scene(10),10,10.000000,
1121,badminton_court-indoor-s,scene(10),10,10.000000,
1122,fjord-s,scene(10),10,10.000000,
1123,limousine_interior-s,scene(10),10,10.000000,
1124,backstairs-s,scene(10),10,10.000000,
1125,moat-dry-s,scene(10),10,10.000000,
1126,cardroom-s,scene(10),10,10.000000,
1127,brewery-outdoor-s,scene(10),10,10.000000,
1128,loading_dock-s,scene(10),10,10.000000,
1129,clean_room-s,scene(10),10,10.000000,
1130,convenience_store-indoor-s,scene(10),10,10.000000,
1131,barnyard-s,scene(10),10,10.000000,
1132,car_dealership-s,scene(10),10,10.000000,
1133,tearoom-s,scene(10),10,10.000000,
1134,museum-outdoor-s,scene(10),10,10.000000,
1135,fire_station-s,scene(10),10,10.000000,
1136,bedchamber-s,scene(10),10,10.000000,
1137,bistro-indoor-s,scene(10),10,10.000000,
1138,butte-s,scene(10),10,10.000000,
1139,field_road-s,scene(10),10,10.000000,
1140,rubble-s,scene(10),10,10.000000,
1141,hedge_maze-s,scene(10),10,10.000000,
1142,flight_of_stairs-natural-s,scene(10),10,10.000000,
1143,aquatic_theater-s,scene(10),10,10.000000,
1144,mission-s,scene(10),10,10.000000,
1145,lean-to-s,scene(10),10,10.000000,
1146,basketball_court-indoor-s,scene(10),10,10.000000,
1147,newsstand-outdoor-s,scene(10),10,10.000000,
1148,football_field-s,scene(10),10,10.000000,
1149,freeway-s,scene(10),10,10.000000,
1150,hangar-outdoor-s,scene(10),10,10.000000,
1151,cafeteria-s,scene(10),10,10.000000,
1152,building_complex-s,scene(10),10,10.000000,
1153,covered_bridge-interior-s,scene(10),10,10.000000,
1154,bayou-s,scene(10),10,10.000000,
1155,throne_room-s,scene(10),10,10.000000,
1156,hunting_lodge-indoor-s,scene(10),10,10.000000,
1157,funeral_chapel-s,scene(10),10,10.000000,
1158,beer_garden-s,scene(10),10,10.000000,
1159,bullpen-s,scene(10),10,10.000000,
1160,archaelogical_excavation-s,scene(10),10,10.000000,
1161,junkyard-s,scene(10),10,10.000000,
1162,bank_vault-s,scene(10),10,10.000000,
1163,cheese_factory-s,scene(10),10,10.000000,
1164,lake-artificial-s,scene(10),10,10.000000,
1165,florist_shop-outdoor-s,scene(10),10,10.000000,
1166,hotel_breakfast_area-s,scene(10),10,10.000000,
1167,canteen-s,scene(10),10,10.000000,
1168,catacomb-s,scene(10),10,10.000000,
1169,drainage_ditch-s,scene(10),10,10.000000,
1170,auto_mechanics-indoor-s,scene(10),10,10.000000,
1171,bleachers-indoor-s,scene(10),10,10.000000,
1172,nunnery-s,scene(10),10,10.000000,
1173,earth_fissure-s,scene(10),10,10.000000,
1174,japanese_garden-s,scene(10),10,10.000000,
1175,fort-s,scene(10),10,10.000000,
1176,circus_tent-outdoor-s,scene(10),10,10.000000,
1177,jail-outdoor-s,scene(10),10,10.000000,
1178,pub-outdoor-s,scene(10),10,10.000000,
1179,cubicle-library-s,scene(10),10,10.000000,
1180,labyrinth,object(10),10,4.205629,
1181,bullring,object(10),10,3.942011,
1182,terraces,object(8);part(2),10,3.331295,
1183,acropolis,object(10),10,3.052959,
1184,covered bridge,object(10),10,2.604297,
1185,shipyard,object(10),10,2.396738,
1186,ticket window,object(6);part(4),10,2.145827,
1187,elephant,object(10),10,2.021803,
1188,toll booth,object(10),10,1.805693,
1189,book stand,object(10),10,1.753678,
1190,skeleton,object(10),10,1.647717,
1191,baptismal font,object(10),10,1.425638,
1192,witness stand,object(10),10,1.327101,
1193,vegetables,object(10),10,1.043942,
1194,mountain pass,object(10),10,1.031784,
1195,meat,object(10),10,0.753043,
1196,canvas,object(10),10,0.536700,
1197,shore,object(10),10,0.527877,
